Index ,cust_id         ,name                       ,sex    ,age ,address                              ,phone                  ,job
    1 ,E7dce064eACcA5F ,Dr. Darin Cooke III        ,Female , 64 ,7150 Taylor Locks Suite 206          ,(639)397-1644x8248     ,Broadcast journalist
    2 ,8c9eBaC1cc97618 ,Mr. Brent Booker           ,Female , 54 ,95965 Singleton Loop                 ,8086867794             ,Warden/ranger
    3 ,56b30CF5aBBc0Fb ,Mrs. Jody Griffith         ,Female , 41 ,772 Shaw Lock Apt. 426               ,001-354-952-9837x2543  ,Information officer
    4 ,8b523f7FfAB97AC ,Aimee Valentine            ,Female , 14 ,314 Whitaker Crest Suite 079         ,648-911-8772x408       ,Warehouse manager
    5 ,1Fd3E8BdbebAbdD ,Terry Chan                 ,Male   , 19 ,57910 Stokes Mills Suite 162         ,(461)235-4531x1804     ,"Designer, textile"
    6 ,1bF6691Ec61DdB8 ,Joseph Leon Jr.            ,Female , 15 ,887 Kidd Isle                        ,+1-541-617-3215x2126   ,Intelligence analyst
    7 ,91264F8FFE312DC ,Mr. Dean Peterson          ,Male   , 30 ,69440 Farrell Island Apt. 898        ,001-593-708-9818x363   ,Leisure centre manager
    8 ,E6aeeEf67e5F1e0 ,Miss Katrina Davila DDS    ,Male   , 47 ,0469 Elizabeth Glen Apt. 688         ,551.355.0739           ,"Horticulturist, amenity"
    9 ,Bd0d2954801eA8d ,Mr. Keith Newton II        ,Female , 15 ,097 Duran Rue Suite 605              ,(331)677-0218x874      ,"Psychologist, educational"
   10 ,a3f8F53C0128e25 ,Mrs. Bonnie Benitez DDS    ,Male   , 55 ,6496 Shirley Parkway Suite 432       ,001-970-815-6556x22434 ,Insurance underwriter
   11 ,C0C7397a2b038Be ,Dr. Isabel Reed DVM        ,Female , 56 ,88622 Molly Loaf Suite 101           ,+1-991-808-1925x3610   ,Fast food restaurant manager
   12 ,9efde09E8CAFeAe ,Dr. Kim Charles            ,Male   , 19 ,57629 Grant Row Apt. 127             ,643-305-4873           ,"Teacher, early years/pre"
   13 ,3b2fE71CEBa0Ac2 ,Dr. Traci Edwards          ,Male   , 47 ,8894 Oliver Lights Apt. 341          ,+1-880-671-6408x934    ,Newspaper journalist
   14 ,fBD2EEba14cDBcb ,Miss Gail Horn DDS         ,Female , 33 ,55282 Angelica Gardens               ,776.529.1268x787       ,"Accountant, chartered public finance"
   15 ,bE755baefe7f7dC ,Veronica Haas              ,Male   , 14 ,8027 Sweeney Land Suite 559          ,001-423-923-8554x04696 ,Pharmacologist
   16 ,A4fDeAcdc1baaDe ,Mr. Ronnie Watson          ,Male   , 27 ,61604 Ann Ports                      ,+1-491-938-3461x136    ,Ecologist
   17 ,39eBfC6fEC1eDEa ,Mr. Tony Christian III     ,Male   , 27 ,778 Payne Trail                      ,001-881-695-9349x68046 ,Multimedia specialist
   18 ,FCb2DAb64CE04bc ,Jorge Sutton II            ,Male   , 22 ,9820 Vazquez Cliff                   ,7836230549             ,Sub
   19 ,9fA946D52bB7FEF ,Mr. Dwayne Golden          ,Male   , 27 ,463 Martin Streets                   ,(826)772-8825x832      ,Occupational psychologist
   20 ,9E5F74142AA1AFa ,Kristopher Strong III      ,Male   , 66 ,95463 Joanna Grove Apt. 605          ,675.293.1709x9099      ,Special effects artist
   21 ,64C89003c7C8eE4 ,Misty Mahoney DDS          ,Male   , 58 ,31103 Regina Hills                   ,001-588-647-7335x1129  ,Dietitian
   22 ,4AdAfCeDB9E40C7 ,Ms. Erica Young            ,Male   , 51 ,65582 Warren Rapid                   ,755-208-0987           ,Insurance account manager
   23 ,0E9A4aed5Af7d1a ,Dr. Austin Horn IV         ,Female , 30 ,00083 Jo Center                      ,595.866.4624           ,Medical illustrator
   24 ,5CDaC6E721cBe75 ,Miss Beth Osborne DVM      ,Female , 14 ,53542 Aimee Trace Suite 701          ,001-577-434-1076x874   ,Accommodation manager
   25 ,A1cDD9ec532aB2e ,Kathy Dodson               ,Male   , 36 ,866 Steele Rapids Apt. 193           ,(962)237-0568x80704    ,"Teacher, secondary school"
   26 ,b7F6F3abB03C4Ba ,Sally Bentley              ,Male   , 28 ,94400 Maxwell Glens Apt. 816         ,+1-486-576-3560x504    ,"Administrator, local government"
   27 ,F94Eca975dE3650 ,Gene Stanton Jr.           ,Male   , 58 ,39477 Veronica Creek Apt. 941        ,001-433-316-2895       ,Broadcast presenter
   28 ,EF2fd0ADecfCf83 ,Mr. Eduardo Reed III       ,Female , 17 ,49272 Eaton Keys                     ,835.640.0921           ,Podiatrist
   29 ,5E3D07F44d22CEB ,Kari Bridges               ,Female , 51 ,63634 Trujillo Plain Suite 532       ,001-790-209-3835x9034  ,Chartered management accountant
   30 ,b5bFcb52e544F0a ,Melanie Sullivan MD        ,Male   , 33 ,9006 Becky Corner Suite 622          ,(906)515-8053x07741    ,Farm manager
   31 ,407CE197A258459 ,Alexis Becker              ,Male   , 48 ,185 Eduardo Brook                    ,393-856-4561x460       ,Personal assistant
   32 ,352af7dA7DEADF4 ,Mrs. Shelly Keith          ,Female , 66 ,5782 Wendy Pass                      ,+1-539-565-4362x4195   ,Multimedia programmer
   33 ,44baEe670628e6b ,Dillon Ross DVM            ,Male   , 54 ,5921 Brenda Wall Suite 378           ,+1-693-491-2678x16236  ,Planning and development surveyor
   34 ,2FBbecD1Ee0ec82 ,Selena Stanton DDS         ,Female , 60 ,9878 Jeremiah Drive Suite 397        ,(779)555-3437x77024    ,Armed forces training and education officer
   35 ,45D8ECFF5A2a6d2 ,Mr. Max Hays IV            ,Male   , 56 ,69435 Hardy Via Suite 504            ,001-747-509-6204x8627  ,Music therapist
   36 ,2910f4dfACfbbE2 ,Gwendolyn Mckay            ,Male   , 30 ,7247 Haney Canyon                    ,7803528091             ,Financial controller
   37 ,dcaB7Fc6eA40D44 ,Dr. Juan Roman             ,Female , 59 ,89330 Zachary Trafficway Suite 144   ,323.547.8209x3752      ,"Conservator, furniture"
   38 ,AFAC09FDAC56ADD ,Jasmine Conner             ,Male   , 24 ,6311 Connor Union                    ,8664859294             ,Clinical research associate
   39 ,EddF57bE89653A7 ,Danny Levine V             ,Female , 28 ,10231 Alvin Lodge Suite 351          ,001-925-737-0159       ,Radiation protection practitioner
   40 ,6Ef764F7c53cC0B ,Carol Hale MD              ,Female , 14 ,0019 Alejandro Motorway Apt. 050     ,(296)286-8145x713      ,"Programmer, multimedia"
   41 ,Fe524046bE5A7fd ,Pam Kelly                  ,Male   , 30 ,5924 Howell Fork                     ,987.670.0029x5821      ,Race relations officer
   42 ,DC4Da7d4cbf60c1 ,Kevin Soto                 ,Female , 52 ,77563 Michael Fields                 ,+1-804-540-5688x9338   ,Naval architect
   43 ,358ce1cF8Fe68D0 ,Kari Olson DVM             ,Male   , 55 ,340 Higgins Road                     ,430-386-1702           ,Cytogeneticist
   44 ,92dCF7B3B9DdB38 ,Mr. Stuart Gordon Jr.      ,Female , 51 ,38183 Stephen Trafficway Suite 782   ,001-912-603-8504x5008  ,"Engineer, building services"
   45 ,F8F0B85C1fe4F27 ,Marco Howe V               ,Male   , 65 ,6303 Mccarthy Groves                 ,(807)479-5714          ,Acupuncturist
   46 ,1Ee13e3F906fbfA ,Dr. Riley Wiley IV         ,Female , 18 ,6664 Burnett Haven                   ,001-924-560-5217x71373 ,"Doctor, hospital"
   47 ,a2e7CA50496b1dA ,Kayla Walton DDS           ,Male   , 14 ,1025 Zoe Lock                        ,+1-491-352-5478        ,Fisheries officer
   48 ,B0E93B2E1Bb8F7f ,Audrey Wilkinson PhD       ,Female , 64 ,49425 Tina Shores Apt. 808           ,+1-452-637-3373x22901  ,Dentist
   49 ,dc18C25b9858DD5 ,Miss Sylvia Barnes         ,Male   , 63 ,835 Butler Way Apt. 557              ,(552)205-7892x3992     ,Further education lecturer
   50 ,17F19ffaD334ACb ,Warren Davenport PhD       ,Female , 54 ,0247 Debra Forge Apt. 176            ,+1-687-703-7293        ,"Programmer, systems"
   51 ,aa88804a8930eaf ,Brandy Fleming             ,Male   , 11 ,13547 Edward View                    ,742.410.9441           ,Human resources officer
   52 ,4279A2f79c6a81A ,Cameron Browning           ,Female , 22 ,74240 Munoz Isle Apt. 350            ,001-888-657-8813       ,Field trials officer
   53 ,61f3A65B2a7C2B8 ,Mr. Johnny Levy            ,Male   , 29 ,98806 Ferrell Estate Suite 581       ,001-563-646-3513       ,Solicitor
   54 ,cCFC08bcE50Ec1e ,Hayden Mullen MD           ,Male   , 53 ,36775 Melody Neck                    ,460-797-9740           ,Advertising account planner
   55 ,aB9CD24cadc1dCB ,Dr. Lori Cortez            ,Female , 37 ,031 Diane Station Suite 864          ,001-362-682-0944x244   ,Research scientist (physical sciences)
   56 ,b06bEA1ecfaABCc ,Dr. Derrick Costa          ,Female , 58 ,0147 Schwartz Junctions Suite 802    ,658.990.1983x1324      ,Interior and spatial designer
   57 ,6A4c5b47C22CE2e ,Chad Mcmillan V            ,Male   , 10 ,090 Frazier Gardens                  ,567-220-8474x48015     ,Personal assistant
   58 ,1ce6408e3Fa9cF3 ,Mrs. Denise Jefferson PhD  ,Female , 50 ,954 Hunter Meadows                   ,(557)447-4424          ,"Teacher, adult education"
   59 ,1C23ee3bECeeABD ,Joann Holland              ,Female , 12 ,1497 Woodard Tunnel                  ,452.288.6602x8287      ,Geophysical data processor
   60 ,7892efCAB8Dd7F8 ,Gina Fuller DVM            ,Female , 23 ,9436 Rangel Camp Apt. 404            ,(994)400-7220x712      ,Bonds trader
   61 ,c5438FF78641dcA ,Dr. Heidi Garner           ,Male   , 67 ,576 Landry Loop                      ,250.977.1167           ,Maintenance engineer
   62 ,6B5E04CCcBD7abB ,Shari Dawson DDS           ,Male   , 23 ,4090 Perry Valleys Apt. 454          ,988.379.4613x34837     ,"Psychologist, sport and exercise"
   63 ,b8e2F6434C9383A ,Dr. Parker Leon MD         ,Female , 47 ,00762 Duane Ville                    ,633-237-4735x459       ,Cytogeneticist
   64 ,2Be0524FaFb9A35 ,Cameron Lamb               ,Male   , 50 ,75610 Fields Glens                   ,(692)565-0621x4335     ,"Investment banker, operational"
   65 ,A72aCCcAD7058a1 ,Dr. Jose Peterson          ,Male   , 64 ,682 Cassidy Isle                     ,001-659-765-3291x37738 ,Heritage manager
   66 ,a7EB15B8867dc03 ,Kim Kline PhD              ,Male   , 64 ,148 Thomas Spur                      ,(350)451-6214x7106     ,Media planner
   67 ,68f56433895aE0b ,Jon Calderon IV            ,Female , 18 ,271 Wiggins Track                    ,+1-499-543-7608x92733  ,Horticultural therapist
   68 ,F8DccaBA6F1E501 ,Dr. Audrey Petersen DDS    ,Female , 17 ,75298 Duane Dale                     ,887.678.5444x32706     ,Regulatory affairs officer
   69 ,feEBCEbBaf6aDC5 ,Tracey Pope                ,Male   , 45 ,4062 Braun Passage                   ,001-706-395-6710x26447 ,Biomedical scientist
   70 ,e8CaD92aEde6c6C ,Julie Fowler PhD           ,Female , 42 ,98569 Terrance Burgs                 ,+1-238-517-8371x798    ,Analytical chemist
   71 ,85C7F9cf9aCbcd2 ,Mackenzie Curry            ,Female , 17 ,8819 Ray Station                     ,439-642-9263x07291     ,"Programmer, systems"
   72 ,e95DE2cdFF2E89a ,Ms. Raven Massey DVM       ,Male   , 22 ,1380 Geoffrey Route                  ,(746)834-2191x96644    ,Television floor manager
   73 ,06dDaf8dc85BaDb ,Mr. Edward Santiago        ,Male   , 13 ,44767 Clark Views                    ,635-599-2921           ,Arts development officer
   74 ,f8bb3B4114b81A6 ,Sophia Mclaughlin          ,Female , 22 ,68032 Rice Curve                     ,(204)758-9199          ,Arboriculturist
   75 ,bcCEdA8F448b7d6 ,Miss Casey Byrd PhD        ,Female , 36 ,90754 Shari Courts                   ,+1-716-322-5886x5738   ,Therapeutic radiographer
   76 ,6ED8A6F764DC7Ee ,Mrs. Terri Solomon         ,Female , 43 ,68055 Brittney Lodge                 ,553.322.0755x018       ,Social researcher
   77 ,0Fd40D63A55cfBC ,Rick Preston               ,Female , 55 ,5242 Misty Loaf Suite 134            ,8275161954             ,"Therapist, drama"
   78 ,D7C1A3DdDEfA1eb ,Gregory Lambert DDS        ,Male   , 61 ,339 Cheyenne Forks Apt. 319          ,937-438-4197x47759     ,Museum/gallery curator
   79 ,49e69A719FCD8F3 ,Dr. Karina Gallagher DVM   ,Female , 60 ,071 Torres Place                     ,(881)522-7422          ,IT trainer
   80 ,8e0E03Cc31861E6 ,Mr. Clarence Curry         ,Female , 24 ,53314 Shane Rapids Apt. 618          ,(302)660-4380x64490    ,Geophysical data processor
   81 ,1e90462da0A99E0 ,Leonard Gentry             ,Male   , 55 ,920 Richard Drive                    ,+1-381-219-2984x532    ,"Administrator, Civil Service"
   82 ,C50B4c02C70cE85 ,Frederick Mccoy            ,Male   , 19 ,88632 Schwartz Branch                ,739-357-0953x68075     ,Audiological scientist
   83 ,0687d1b3fb7B5E5 ,Mrs. Michaela Beltran MD   ,Male   , 49 ,3265 Jordan Coves Apt. 036           ,+1-327-250-6346        ,Farm manager
   84 ,eABA7ebecD5062D ,Dr. Rebekah Savage DVM     ,Male   , 68 ,4992 Avila Village                   ,697-541-2901x819       ,Medical laboratory scientific officer
   85 ,7EEecDE47e9ee6b ,Mr. Jonathon Mata          ,Female , 14 ,42649 Makayla Terrace                ,(656)846-4647x61127    ,Archivist
   86 ,9E07d0b5882af4f ,Dr. Carl Greene DDS        ,Female , 69 ,776 Gray Street Suite 766            ,740-521-7724x351       ,Technical sales engineer
   87 ,1aD875436Eb03a5 ,Ms. Jasmin Dillon          ,Female , 22 ,6102 Charlene Pass Suite 753         ,933.432.3453x5292      ,Visual merchandiser
   88 ,D5A62Aa92Ac86C0 ,Ariel Lucero               ,Male   , 18 ,558 Dakota Rest                      ,845.707.6046           ,Mining engineer
   89 ,9Dbcf1A9b88c09C ,Mr. Nathaniel Faulkner III ,Male   , 43 ,6919 Hanson Branch Suite 686         ,(756)389-3189          ,"Surveyor, commercial/residential"
   90 ,8a4ebCCCb3EaE72 ,Dr. Preston Osborn III     ,Female , 47 ,2498 Beard Alley                     ,+1-344-362-9912x091    ,Surgeon
   91 ,FD76a4DE1CddEFf ,Dr. Adrian Browning        ,Male   , 26 ,55177 Walker Highway Apt. 052        ,9865030597             ,Adult nurse
   92 ,4f63561e6e20CC2 ,Alejandra Boyd             ,Female , 64 ,6344 Rickey Landing                  ,587-314-7522x334       ,Theatre manager
   93 ,5F931817b0bc892 ,Gwendolyn Dickson DVM      ,Male   , 10 ,324 Sanford Burgs Apt. 637           ,982-616-5923x63329     ,Radio producer
   94 ,C77ab5c7226D123 ,Mr. Franklin Bruce         ,Male   , 30 ,139 Terrence Mills                   ,+1-294-528-6590        ,"Designer, textile"
   95 ,a54Be4edbd2Ec7C ,Ms. Breanna Ware DVM       ,Female , 66 ,33502 Alexandra Square Apt. 852      ,718-216-7607x045       ,"Designer, multimedia"
   96 ,4be0c8EAe7f5A12 ,Tammy Davies PhD           ,Male   , 45 ,3257 Debra Skyway Apt. 221           ,+1-414-648-4229x05022  ,"Journalist, newspaper"
   97 ,6ddf031C039AdeF ,Dr. Terry Olsen            ,Female , 17 ,7241 Buck Knoll                      ,859-497-1905           ,"Therapist, horticultural"
   98 ,D6a0fF108a70C19 ,Dr. Sergio Long III        ,Female , 33 ,094 Mcconnell Spur Suite 047         ,604-404-5928x87617     ,Quarry manager
   99 ,5DCdE5d8b05EeBD ,Dr. Tricia Norris PhD      ,Female , 18 ,86149 Oscar Ford Apt. 286            ,+1-231-514-6379x1319   ,"Horticulturist, amenity"
  100 ,FcEbeBE50B6a7df ,Mrs. Ariana Christensen    ,Male   , 17 ,1962 Anthony Court Suite 507         ,846-494-9295x062       ,Tour manager
  101 ,d14A5b60Ed1e5c6 ,Gabriel Warner IV          ,Female , 20 ,3541 Helen Well                      ,+1-366-452-2329x27708  ,"Programmer, systems"
  102 ,aebf6f70F97c4d7 ,Melvin Thomas III          ,Male   , 15 ,88476 Bob Fords                      ,(688)939-9711x8516     ,Music therapist
  103 ,484C6E0E2055C4C ,Carmen Flynn               ,Male   , 57 ,43161 Fred Stravenue                 ,875.802.6121           ,Holiday representative
  104 ,77cD9642908F2ed ,Tanya Novak DVM            ,Female , 27 ,227 Hood Highway                     ,373.877.7184           ,Scientific laboratory technician
  105 ,A3aa9ACF462FBBB ,Darrell Bruce              ,Male   , 61 ,6780 Christensen Junctions Suite 252 ,001-284-604-0435       ,"Conservator, furniture"
  106 ,98Eda3723511F7F ,Dr. Kaylee Morton MD       ,Female , 60 ,18792 Tanya Parkway Apt. 032         ,672-465-8184x1937      ,Sales promotion account executive
  107 ,Bd7DAA75Eb32EE2 ,Dr. Richard Carr IV        ,Female , 28 ,997 Raven Alley                      ,253-377-1842           ,Manufacturing systems engineer
  108 ,b64156EAB2aD5AE ,Katherine Gallagher PhD    ,Female , 49 ,320 Bright Unions Apt. 040           ,+1-442-510-6784x6389   ,Claims inspector/assessor
  109 ,E3a3fDFAa7EF76c ,Paige Skinner              ,Female , 40 ,2375 Kaitlyn Mission Suite 660       ,477.625.9644x3918      ,Learning mentor
  110 ,06cbf315AFe07B3 ,Gabriela Woodward          ,Male   , 57 ,017 Shannon Skyway                   ,798.402.5156           ,"Designer, textile"
  111 ,11A7E7Ca67b7a23 ,Dr. Blake Jones Jr.        ,Male   , 49 ,1351 Serrano Trace                   ,001-523-583-5756x520   ,Licensed conveyancer
  112 ,30BeDad9E8f56A9 ,Marissa Acevedo            ,Male   , 50 ,79492 Waller Drive Apt. 322          ,751.588.3984x61482     ,Management consultant
  113 ,84cE64EAac28ed6 ,Kylie Wolf                 ,Female , 32 ,60240 Brandi Junction Suite 195      ,781-328-9841x393       ,Curator
  114 ,2B2db3397D84eDf ,Mr. Max Ali                ,Male   , 55 ,41127 Mckay Extension                ,(417)770-1106          ,Counsellor
  115 ,338a1B72455e4Eb ,Mr. Alexis Norman          ,Female , 20 ,82740 Lawrence Lake                  ,+1-894-602-8942x6068   ,"Scientist, research (maths)"
  116 ,E36bEB2DAEC0D17 ,Mr. Kurt Hawkins II        ,Female , 21 ,19791 Dalton Harbors Suite 055       ,(922)946-8409x3057     ,Firefighter
  117 ,ecE8Cb24Ecd54F8 ,Miss Gabriela Sosa DVM     ,Female , 23 ,53325 Haynes Bridge Suite 750        ,454-365-5971x348       ,Fisheries officer
  118 ,9fBEbDD4CF5FD33 ,Ronald Landry              ,Female , 42 ,15435 Orr Ports Suite 847            ,(621)836-9568          ,Data scientist
  119 ,D2c8b865E102E3f ,Ms. Jennifer Bautista DDS  ,Male   , 39 ,23184 Cooke Shores                   ,001-989-339-1764       ,Passenger transport manager
  120 ,7cFF8Fbe24CFFA3 ,Gregory Nichols            ,Male   , 20 ,527 Melody Ford Apt. 296             ,506-296-1738           ,"Designer, interior/spatial"
  121 ,9dF6B1ED3A35b9B ,Logan Lara IV              ,Male   , 48 ,387 Cooley Grove                     ,8888799469             ,Surgeon
  122 ,2EF0DC3a378275D ,Briana Reed PhD            ,Female , 26 ,803 Rosales Rapid                    ,(290)393-7006x3445     ,Jewellery designer
  123 ,4D2FaFB78d6a8c5 ,Ricky Wheeler              ,Female , 55 ,41951 Roy Pines Apt. 622             ,458-702-7755x33347     ,Sales promotion account executive
  124 ,F7189eb07f689bf ,Mrs. Alicia Kent           ,Female , 43 ,79779 Jackie Land                    ,+1-541-264-5650x1688   ,Amenity horticulturist
  125 ,8E1Bd4829d5086D ,Cory Baldwin               ,Female , 52 ,1665 Bennett Rest Suite 059          ,426.326.2511x928       ,Biomedical scientist
  126 ,77d32B2fEE41D1f ,Isaac Archer               ,Female , 64 ,11286 Lowery Divide Apt. 354         ,579.951.7992           ,"Therapist, horticultural"
  127 ,Af3108B2152ad72 ,Geoffrey Bird V            ,Female , 49 ,8817 Johnson Village                 ,001-772-816-1916x5334  ,Chemical engineer
  128 ,AF691D89AEbbeaF ,Caitlin Osborn             ,Male   , 59 ,233 Bolton Crescent                  ,902.720.8545x707       ,Museum education officer
  129 ,C8E4ee4bC1bB0AD ,Dr. Chase Estes            ,Female , 31 ,488 Ruben Village                    ,001-923-968-5304x187   ,"Accountant, chartered"
  130 ,E0Dbaa90d557bAC ,Dr. Dominic Knapp MD       ,Female , 26 ,32410 Trevor Freeway Suite 238       ,(551)872-1767x85479    ,"Surveyor, minerals"
  131 ,Efe1e131607Eec7 ,Dr. Andrea Rivas           ,Female , 23 ,31714 Mosley Loaf Suite 985          ,485-746-8522x15327     ,Farm manager
  132 ,C87712c86f0B9Aa ,Dr. Shane Mcdonald         ,Female , 67 ,82554 Sherri Islands                 ,477.767.7538x4483      ,"Scientist, research (life sciences)"
  133 ,2DBF1594deCcF8d ,Antonio Fleming DDS        ,Male   , 28 ,6821 Katherine Spring Apt. 446       ,766.858.8050           ,"Engineer, mining"
  134 ,D69BfBA25C28110 ,Sandy Bailey               ,Male   , 34 ,497 Betty Street                     ,858-487-1648x22239     ,Freight forwarder
  135 ,8Fd845418A0eB55 ,Gene Wagner III            ,Male   , 36 ,9442 Mccann Plains Apt. 310          ,482.227.4379x90331     ,Police officer
  136 ,9dab1f7e4EcCbc1 ,Levi Fields DVM            ,Female , 48 ,51004 David Street                   ,001-500-668-2972x60735 ,Patent examiner
  137 ,CfcE4b5631736aD ,Gary Petersen              ,Male   , 48 ,22670 Hancock Wells Apt. 166         ,001-444-274-7249x567   ,"Engineer, manufacturing systems"
  138 ,1a0a7c3A7FFEEb1 ,Dr. Shane Good             ,Male   , 21 ,21521 Mary Trail                     ,500.937.7590           ,Medical sales representative
  139 ,ee991Cd36a51Fbd ,Miss Brandi Howard DVM     ,Male   , 45 ,48012 Molina Park                    ,+1-325-395-1391x99128  ,"Librarian, public"
  140 ,73d00C2cb8A0d28 ,Dr. Steven Gallegos Jr.    ,Female , 23 ,617 Rodney Square Suite 940          ,876.456.9124x73024     ,"Teacher, adult education"
  141 ,0F233fdfe0c6D31 ,Ms. Angel Bartlett         ,Male   , 32 ,090 Ramos Island Apt. 689            ,732.492.0452           ,Insurance account manager
  142 ,4c2e57EBABf7c0A ,Dr. Dean Quinn             ,Female , 19 ,83771 Soto Ferry                     ,+1-457-492-9753x227    ,Human resources officer
  143 ,73a73EDed0237F2 ,Andre Clayton              ,Male   , 23 ,58203 Gregory Ville                  ,(253)539-9908          ,Warden/ranger
  144 ,33EbDDcB75e9930 ,Dr. Chase Potts            ,Male   , 65 ,02760 Steele Flats Suite 195         ,810-313-3214           ,Airline pilot
  145 ,0D4f4C1fBCbaACc ,Douglas Pace II            ,Male   , 22 ,337 Debra Plains                     ,+1-893-723-8197x833    ,Child psychotherapist
  146 ,AC830F8b8f3FB3B ,Dr. Jordan Cummings        ,Male   , 32 ,9204 Case Trafficway Apt. 833        ,+1-489-875-2891x78238  ,"Education officer, environmental"
  147 ,c9468Cc45Df6DCD ,Kristen Wood DDS           ,Male   , 50 ,403 Caroline Keys                    ,001-345-691-4002       ,Automotive engineer
  148 ,ed6EA76bea8Dad8 ,Dr. Melanie Hayden MD      ,Male   , 25 ,8322 Lee Creek                       ,001-632-986-1269x2879  ,Education administrator
  149 ,Cbe6Dd6492Ef0ED ,Joan Villarreal            ,Female , 24 ,229 Dean Loop                        ,(328)645-9325          ,"Accountant, chartered public finance"
  150 ,cFD1426e93C363B ,Dr. Joel Munoz             ,Male   , 24 ,8661 Yoder Point                     ,811-996-7696x07955     ,"Conservator, museum/gallery"
  151 ,c6faebCAed3baaa ,Misty Caldwell             ,Male   , 64 ,26236 Cristina Meadows               ,(346)296-4951x176      ,Nature conservation officer
  152 ,F031dC6017FdfbE ,Miss Charlene Hayes        ,Female , 42 ,5269 Owen Divide                     ,777.535.9078x00932     ,"Teacher, primary school"
  153 ,41d8aF5E90eFDD9 ,Dr. Ernest Mcclure         ,Female , 15 ,25415 Warren Vista Apt. 910          ,+1-525-752-2008x253    ,Clinical molecular geneticist
  154 ,A55e6DEd7df19fa ,Calvin Olsen PhD           ,Female , 15 ,6253 Holloway Cove Apt. 159          ,001-946-246-9260       ,Clinical biochemist
  155 ,E1bAaefDca9B190 ,Mrs. Alisha Pugh MD        ,Female , 51 ,72353 Cross Extension                ,001-617-972-8881       ,"Engineer, land"
  156 ,20E2d3eC234ce74 ,Danny Stephens             ,Female , 47 ,868 Madeline Mission Suite 471       ,311.609.1275           ,Police officer
  157 ,A8cad8acbf3463a ,Mr. Clifford Leon          ,Female , 47 ,823 Durham Freeway                   ,832-976-1714x3441      ,Media planner
  158 ,aa49bBF123e6741 ,Jordan Roth                ,Female , 35 ,1524 Gabrielle Route                 ,(610)352-3066x4793     ,Social worker
  159 ,c66AD35F8AA15ef ,Ms. Ariana Doyle DDS       ,Male   , 43 ,1851 Kennedy Course Apt. 701         ,965-360-8413           ,Hotel manager
  160 ,9E8bFCFf90FfcaF ,Meagan Rush                ,Male   , 13 ,572 Fields Lakes Apt. 257            ,684.745.9611           ,"Sound technician, broadcasting/film/video"
  161 ,03447C3BD2539eE ,Monique Merritt            ,Female , 10 ,919 Lawrence Port Apt. 979           ,783.732.8058           ,Neurosurgeon
  162 ,eA41bc6236ACD84 ,Dr. Karina Zuniga MD       ,Male   , 24 ,62686 Drew Meadow                    ,(998)971-7690x78480    ,"Development worker, international aid"
  163 ,3b6b9cCD9696CFE ,Ms. Candace Lawrence       ,Male   , 16 ,983 Hunt Port                        ,001-291-474-4862x1165  ,Teaching laboratory technician
  164 ,abb8485ce4a21b2 ,Miss Cassandra Boyd DDS    ,Female , 13 ,9655 Tonya Knolls Suite 532          ,697-817-5164x3197      ,Broadcast engineer
  165 ,FdC42bD3B5ea5B1 ,Dr. Jeremy Cruz II         ,Female , 56 ,65155 Kathleen Bypass Apt. 696       ,899.437.7795x8844      ,Barista
  166 ,E69BF072d5CAFdC ,Mr. Lance Burnett II       ,Male   , 50 ,173 Cassie Terrace Apt. 937          ,354-624-8096x1816      ,Music therapist
  167 ,FbA7b2275Fb41cc ,Mr. Joseph Merritt III     ,Female , 38 ,345 Sheena Springs                   ,001-330-894-8853       ,Agricultural consultant
  168 ,D769dD3AfB403Dd ,Jay Burgess                ,Male   , 17 ,24653 Conley Valley Suite 738        ,8286351908             ,"Engineer, civil (consulting)"
  169 ,A07C92d8fC6B5C7 ,Taylor Bell PhD            ,Female , 22 ,61526 James Shore                    ,281-449-6775           ,"Pilot, airline"
  170 ,9986C1C63B6A3aD ,Ms. Olivia Morris          ,Male   , 24 ,971 Hines Haven Suite 615            ,622-292-5307           ,Production engineer
  171 ,6Ed8b6BDcEBB5f3 ,Dr. Kerry Mayo MD          ,Male   , 18 ,756 Mallory Stream Suite 286         ,926.540.4952           ,Adult guidance worker
  172 ,cCD9E0B7003FfCE ,Harry Parker PhD           ,Female , 48 ,324 Hubbard Stravenue Suite 527      ,733-508-2503x2008      ,Careers adviser
  173 ,2f117c81CF5fe01 ,Mr. Roy Allison            ,Female , 20 ,90225 Gomez Causeway                 ,(802)845-7684x4052     ,"Civil engineer, consulting"
  174 ,fbB84ceC826bF1E ,Mrs. Carla Burns DVM       ,Female , 36 ,61619 Kara Creek                     ,314-926-1318x102       ,"Nurse, adult"
  175 ,71DdfcBbFFEce0b ,Mrs. Alice Lang            ,Female , 43 ,56842 Walters Corners Suite 325      ,6969408329             ,Chemical engineer
  176 ,B9E3fDD0547Ce9b ,Roberto Dominguez II       ,Female , 22 ,35175 Hensley Throughway Suite 498   ,+1-543-401-7175x33577  ,Adult nurse
  177 ,71CC1B1fFf4B0Ff ,Dr. Theodore Morrow        ,Female , 30 ,99276 Max Plain Suite 849            ,549.266.7881x94204     ,Orthoptist
  178 ,D45df4cac9F9cBf ,Miss Judith Parrish        ,Male   , 46 ,86847 Sheryl Alley                   ,5415320371             ,Legal executive
  179 ,5b4F28119269DBa ,Dr. Glenda Matthews MD     ,Male   , 40 ,70738 Peck Stravenue Suite 381       ,001-492-784-8197x4950  ,Water quality scientist
  180 ,7f8BB8EEFDbdBfE ,Karina Case MD             ,Male   , 51 ,10969 William Springs                ,001-707-445-2258x94792 ,Energy manager
  181 ,DcBAEcca9d47e1C ,Miguel Jacobson DDS        ,Male   , 61 ,818 Wilkinson Rapids                 ,793-401-2927x3251      ,Warden/ranger
  182 ,D03FfdCbEfac38C ,Dr. Briana Gaines PhD      ,Male   , 16 ,67881 Alyssa Villages                ,5719259298             ,Information officer
  183 ,88FEc13aA76F092 ,Joe Reeves                 ,Male   , 22 ,66030 Mcmillan Prairie               ,001-708-741-1555       ,Broadcast presenter
  184 ,d3a49eB8CcfD4e6 ,Marcia Hogan               ,Male   , 18 ,43197 Hogan Court                    ,(407)699-4290          ,Animator
  185 ,ec03ceFEbd7fBdD ,Miss Mckenzie Baldwin PhD  ,Female , 37 ,8269 Dunn Loop                       ,753.407.8662x05632     ,"Scientist, clinical (histocompatibility and immunogenetics)"
  186 ,f77d9de116F31Bc ,Mrs. Lynn Morrow           ,Female , 23 ,888 Vanessa Hill                     ,+1-972-302-5415x00686  ,Homeopath
  187 ,7aA662F6eF04780 ,Miss Ruth Torres DDS       ,Male   , 58 ,056 Palmer Fork                      ,548.301.4711x7220      ,Broadcast engineer
  188 ,b10b9D2Ef9A216c ,Mr. Donald Duke III        ,Male   , 51 ,176 May Hollow Suite 176             ,+1-552-272-4419x539    ,Archivist
  189 ,f3FCFFbC1efc74A ,Gabriel Carr DDS           ,Male   , 59 ,944 Santana Wall                     ,+1-765-638-7850        ,Occupational psychologist
  190 ,dCc7d4187e910fd ,Gina Rice DVM              ,Male   , 59 ,91762 Steve Orchard Suite 680        ,(256)600-9311x77515    ,"Surveyor, building"
  191 ,e0117Cfb7B9EdB1 ,Sara Mayer                 ,Female , 28 ,43358 Russell Green                  ,485-939-5358x65759     ,Land
  192 ,ec0ff8F3eB142cd ,Wanda Hubbard PhD          ,Female , 14 ,7605 Higgins Neck                    ,+1-325-351-7195x506    ,"Engineer, water"
  193 ,C2849eBB4A1ff6f ,Mrs. Tracey Schaefer MD    ,Male   , 41 ,1916 Hicks Rue                       ,537-389-1595           ,Fine artist
  194 ,f2afA9BFd550c7f ,Chelsea Glenn DDS          ,Male   , 38 ,146 Rowe Via Suite 558               ,265.779.2214x3228      ,General practice doctor
  195 ,a7Bc44BA19F2B0F ,Dr. Sean Sutton            ,Male   , 33 ,20732 Faith Courts                   ,(826)924-9792x495      ,Control and instrumentation engineer
  196 ,dD2Fc4b57e0Cfe2 ,Krista Downs DDS           ,Female , 69 ,22692 Zoe Point Suite 660            ,814.561.0827x031       ,Financial manager
  197 ,175bA3AbCFdc63A ,Theresa Sawyer DVM         ,Female , 39 ,349 Hays Gardens Apt. 318            ,+1-710-284-7043x93937  ,"Accountant, chartered management"
  198 ,17fb9eB9d7a7EFe ,Elaine Flowers MD          ,Male   , 33 ,60233 Jaclyn Isle                    ,468.981.1993           ,Sport and exercise psychologist
  199 ,Bb2dDD3a4Ab4bec ,Dr. James Case III         ,Male   , 11 ,76980 Hart Skyway                    ,4997766079             ,Medical illustrator
  200 ,FD3958Dee3Ecb00 ,Ivan Moore PhD             ,Female , 31 ,9567 Carla Highway Suite 861         ,001-533-669-8982       ,Fashion designer
